{
  "model_type": "mlp",
  "study_name": "HPO_GRU_Production_mlp",
  "n_trials": 100,
  "n_complete": 75,
  "n_pruned": 25,
  "n_failed": 0,
  "best_trial_number": 72,
  "best_value": 0.3550891316848764,
  "best_params": {
    "learning_rate": 0.00010726239398390772,
    "batch_size": 256,
    "weight_decay": 0.00021403056853653915,
    "dropout_rate": 0.27825319822974104,
    "focal_alpha": 0.8534979238472781,
    "focal_gamma": 0.5765070137941654,
    "scheduler_factor": 0.4257292734908578,
    "scheduler_patience": 5,
    "gradient_clip_norm": 3.697669796019419,
    "early_stopping_patience": 5,
    "hidden_layers": 4,
    "hidden_dim_1": 161,
    "hidden_dim_2": 44,
    "hidden_dim_3": 17,
    "asset_embedding_dim": 5
  },
  "param_importance": {
    "focal_alpha": 0.8768482363064514,
    "dropout_rate": 0.040015948950641325,
    "hidden_dim_3": 0.031205561369625396,
    "hidden_dim_1": 0.01381596773420375,
    "asset_embedding_dim": 0.007208849884539559,
    "focal_gamma": 0.006663510479505438,
    "scheduler_patience": 0.005488055444926742,
    "hidden_layers": 0.004315273184688957,
    "weight_decay": 0.0033221917221790327,
    "learning_rate": 0.0027403587072782967,
    "early_stopping_patience": 0.002568388256209757,
    "hidden_dim_2": 0.002055449288434081,
    "gradient_clip_norm": 0.0016930478971346927,
    "batch_size": 0.0012409842301005494,
    "scheduler_factor": 0.0008181765440813257
  },
  "study_direction": "MAXIMIZE",
  "convergence_data": null,
  "visualization_paths": []
}