{
  "model_type": "gru",
  "study_name": "HPO_GRU_Production_gru",
  "n_trials": 100,
  "n_complete": 88,
  "n_pruned": 12,
  "n_failed": 0,
  "best_trial_number": 93,
  "best_value": 0.3339137081705453,
  "best_params": {
    "learning_rate": 0.00032195235589938616,
    "batch_size": 128,
    "weight_decay": 0.00037077231289477525,
    "dropout_rate": 0.3181755818276266,
    "focal_alpha": 0.8819695461894077,
    "focal_gamma": 1.5504037313742167,
    "scheduler_factor": 0.46946701434390703,
    "scheduler_patience": 5,
    "gradient_clip_norm": 1.2776184710190244,
    "early_stopping_patience": 3,
    "gru_hidden_dim": 39,
    "gru_num_layers": 1,
    "attention_dim": 61,
    "asset_embedding_dim": 4,
    "use_layer_norm": true
  },
  "param_importance": {
    "focal_alpha": 0.7957941501306365,
    "gru_hidden_dim": 0.10063356407213558,
    "learning_rate": 0.035470051447469224,
    "gradient_clip_norm": 0.019127397499261276,
    "weight_decay": 0.01421082081258866,
    "focal_gamma": 0.008900426206346403,
    "early_stopping_patience": 0.006348053769076324,
    "attention_dim": 0.005448082177697995,
    "scheduler_factor": 0.005344571558214281,
    "batch_size": 0.00457863517449186,
    "dropout_rate": 0.0025525542489637284,
    "asset_embedding_dim": 0.00079161442110425,
    "scheduler_patience": 0.00036254302900371436,
    "use_layer_norm": 0.0002654523770161684,
    "gru_num_layers": 0.00017208307599423167
  },
  "study_direction": "MAXIMIZE",
  "convergence_data": null,
  "visualization_paths": []
}