{
  "model_type": "lstm",
  "study_name": "HPO_GRU_Production_lstm",
  "n_trials": 100,
  "n_complete": 91,
  "n_pruned": 9,
  "n_failed": 0,
  "best_trial_number": 62,
  "best_value": 0.3286703096539162,
  "best_params": {
    "learning_rate": 5.742762779800407e-05,
    "batch_size": 128,
    "weight_decay": 1.3242860622144402e-06,
    "dropout_rate": 0.16208048169431025,
    "focal_alpha": 0.8733013094908448,
    "focal_gamma": 0.8533911013856688,
    "scheduler_factor": 0.38872609758264776,
    "scheduler_patience": 2,
    "gradient_clip_norm": 1.2078462481865948,
    "early_stopping_patience": 8,
    "lstm_hidden_dim": 202,
    "lstm_num_layers": 1,
    "attention_dim": 32,
    "asset_embedding_dim": 17,
    "use_layer_norm": false
  },
  "param_importance": {
    "focal_alpha": 0.8622753250831227,
    "lstm_hidden_dim": 0.06923800496222758,
    "attention_dim": 0.01678705241792576,
    "dropout_rate": 0.010174722376477935,
    "gradient_clip_norm": 0.008387562452135617,
    "early_stopping_patience": 0.007790466004674544,
    "weight_decay": 0.007019044883922553,
    "asset_embedding_dim": 0.004608093399749565,
    "learning_rate": 0.004237669900233255,
    "focal_gamma": 0.002771643328246402,
    "lstm_num_layers": 0.0023670601533168413,
    "scheduler_factor": 0.0016639756895734986,
    "use_layer_norm": 0.0016633896293814351,
    "scheduler_patience": 0.0007559952468001035,
    "batch_size": 0.00025999447221248525
  },
  "study_direction": "MAXIMIZE",
  "convergence_data": null,
  "visualization_paths": []
}