{
  "summary": {
    "episodes": 10.0,
    "total_return_mean": -0.003788306588127871,
    "total_return_std": 0.003181841334239397,
    "total_return_pct_mean": -0.3788306588127871,
    "total_return_pct_std": 0.3181841334239397,
    "sharpe_ratio_mean": -0.6143663512475828,
    "sharpe_ratio_std": 0.4799593908005042,
    "sortino_ratio_mean": -0.5711218888584042,
    "sortino_ratio_std": 0.4103949757406926,
    "max_drawdown_mean": 0.006840556404790909,
    "max_drawdown_std": 0.0037600241401260057,
    "max_drawdown_pct_mean": 0.6840556404790911,
    "max_drawdown_pct_std": 0.37600241401260054,
    "win_rate_mean": 0.38578497525865946,
    "win_rate_std": 0.06057884567132254,
    "profit_factor_mean": 0.6574326775554522,
    "profit_factor_std": 0.27761561544974983,
    "avg_trade_duration_mean": 7.629779577147997,
    "avg_trade_duration_std": 0.7326697429775582,
    "episode_reward_mean": -35.277120947666404,
    "episode_reward_std": 32.617582294354854,
    "episode_length_mean": 168.0,
    "episode_length_std": 0.0
  },
  "episodes": [
    {
      "total_return": -0.0002829911833321603,
      "total_return_pct": -0.02829911833321603,
      "sharpe_ratio": -0.04200553058596422,
      "sortino_ratio": -0.04386025671637478,
      "max_drawdown": 0.004429757162352558,
      "max_drawdown_pct": 0.4429757162352558,
      "win_rate": 0.47368421052631576,
      "num_trades": 19,
      "profit_factor": 0.9964408407363198,
      "avg_trade_duration": 7.7894736842105265,
      "episode_reward": -0.2541523859274548,
      "episode_length": 168,
      "reward_stats": {
        "total_reward_mean": -0.07453656960111346,
        "total_reward_std": 0.04426521721923051,
        "total_reward_sum": -12.522143692987061,
        "steps": 168.0,
        "pnl_mean": -0.004071336113533035,
        "pnl_sum": -0.6839844670735498,
        "transaction_cost_mean": -0.055952380952380955,
        "transaction_cost_sum": -9.4,
        "time_efficiency_mean": 0.0,
        "time_efficiency_sum": 0.0,
        "sharpe_mean": -0.790303560256862,
        "sharpe_sum": -132.77099812315282,
        "drawdown_mean": 0.0,
        "drawdown_sum": 0.0,
        "sizing_mean": -0.5,
        "sizing_sum": -84.0,
        "hold_penalty_mean": 0.0,
        "hold_penalty_sum": 0.0
      },
      "reward_contributions": {}
    },
    {
      "total_return": -0.0033178864169974985,
      "total_return_pct": -0.33178864169974986,
      "sharpe_ratio": -0.7405525085318779,
      "sortino_ratio": -0.6406317365839523,
      "max_drawdown": 0.004499041514723462,
      "max_drawdown_pct": 0.44990415147234625,
      "win_rate": 0.3888888888888889,
      "num_trades": 18,
      "profit_factor": 0.5460242025047061,
      "avg_trade_duration": 8.0,
      "episode_reward": -33.44261112852814,
      "episode_length": 168,
      "reward_stats": {
        "total_reward_mean": -0.13055492260637824,
        "total_reward_std": 0.024475496022178935,
        "total_reward_sum": -21.933226997871543,
        "steps": 168.0,
        "pnl_mean": -0.005429080700663556,
        "pnl_sum": -0.9120855577114775,
        "transaction_cost_mean": -0.055654761904761915,
        "transaction_cost_sum": -9.350000000000001,
        "time_efficiency_mean": 0.0,
        "time_efficiency_sum": 0.0,
        "sharpe_mean": -1.9007015208079707,
        "sharpe_sum": -319.3178554957391,
        "drawdown_mean": 0.0,
        "drawdown_sum": 0.0,
        "sizing_mean": -0.5,
        "sizing_sum": -84.0,
        "hold_penalty_mean": 0.0,
        "hold_penalty_sum": 0.0
      },
      "reward_contributions": {}
    },
    {
      "total_return": -0.007203567721742547,
      "total_return_pct": -0.7203567721742546,
      "sharpe_ratio": -1.4586988162296088,
      "sortino_ratio": -1.285740383377745,
      "max_drawdown": 0.0077844793908286684,
      "max_drawdown_pct": 0.7784479390828668,
      "win_rate": 0.3333333333333333,
      "num_trades": 18,
      "profit_factor": 0.2120992370428236,
      "avg_trade_duration": 7.888888888888889,
      "episode_reward": -66.75996267065011,
      "episode_length": 168,
      "reward_stats": {
        "total_reward_mean": -0.13313107886153225,
        "total_reward_std": 0.02568944680263905,
        "total_reward_sum": -22.366021248737418,
        "steps": 168.0,
        "pnl_mean": -0.008836723306258065,
        "pnl_sum": -1.484569515451355,
        "transaction_cost_mean": -0.055654761904761915,
        "transaction_cost_sum": -9.350000000000001,
        "time_efficiency_mean": 0.0,
        "time_efficiency_sum": 0.0,
        "sharpe_mean": -1.924963505066295,
        "sharpe_sum": -323.39386885113754,
        "drawdown_mean": 0.0,
        "drawdown_sum": 0.0,
        "sizing_mean": -0.5,
        "sizing_sum": -84.0,
        "hold_penalty_mean": 0.0,
        "hold_penalty_sum": 0.0
      },
      "reward_contributions": {}
    },
    {
      "total_return": -0.0014084050427716648,
      "total_return_pct": -0.1408405042771665,
      "sharpe_ratio": -0.2296310744712121,
      "sortino_ratio": -0.25356197080667414,
      "max_drawdown": 0.005004053139710197,
      "max_drawdown_pct": 0.5004053139710197,
      "win_rate": 0.47368421052631576,
      "num_trades": 19,
      "profit_factor": 0.8294100929752916,
      "avg_trade_duration": 7.684210526315789,
      "episode_reward": -12.330628914641693,
      "episode_length": 168,
      "reward_stats": {
        "total_reward_mean": -0.09418378121500572,
        "total_reward_std": 0.040104245537314245,
        "total_reward_sum": -15.82287524412096,
        "steps": 168.0,
        "pnl_mean": -0.004724819859731654,
        "pnl_sum": -0.7937697364349179,
        "transaction_cost_mean": -0.055952380952380955,
        "transaction_cost_sum": -9.4,
        "time_efficiency_mean": 0.0,
        "time_efficiency_sum": 0.0,
        "sharpe_mean": -1.1780199225651182,
        "sharpe_sum": -197.90734699093986,
        "drawdown_mean": 0.0,
        "drawdown_sum": 0.0,
        "sizing_mean": -0.5,
        "sizing_sum": -84.0,
        "hold_penalty_mean": 0.0,
        "hold_penalty_sum": 0.0
      },
      "reward_contributions": {}
    },
    {
      "total_return": -0.0011127473122685841,
      "total_return_pct": -0.11127473122685841,
      "sharpe_ratio": -0.12035215061617924,
      "sortino_ratio": -0.1572829544349677,
      "max_drawdown": 0.006655268712788951,
      "max_drawdown_pct": 0.6655268712788951,
      "win_rate": 0.42105263157894735,
      "num_trades": 19,
      "profit_factor": 0.939067852576421,
      "avg_trade_duration": 7.7368421052631575,
      "episode_reward": -6.4738863039031,
      "episode_length": 168,
      "reward_stats": {
        "total_reward_mean": -0.12425006505445041,
        "total_reward_std": 0.04001950572356029,
        "total_reward_sum": -20.87401092914767,
        "steps": 168.0,
        "pnl_mean": -0.005246596771850419,
        "pnl_sum": -0.8814282576708704,
        "transaction_cost_mean": -0.055952380952380955,
        "transaction_cost_sum": -9.4,
        "time_efficiency_mean": 0.0,
        "time_efficiency_sum": 0.0,
        "sharpe_mean": -1.775171384057062,
        "sharpe_sum": -298.2287925215864,
        "drawdown_mean": 0.0,
        "drawdown_sum": 0.0,
        "sizing_mean": -0.5,
        "sizing_sum": -84.0,
        "hold_penalty_mean": 0.0,
        "hold_penalty_sum": 0.0
      },
      "reward_contributions": {}
    },
    {
      "total_return": -0.0019783668518801277,
      "total_return_pct": -0.19783668518801278,
      "sharpe_ratio": -0.40445219842864333,
      "sortino_ratio": -0.36618470913481216,
      "max_drawdown": 0.005509102296176009,
      "max_drawdown_pct": 0.5509102296176009,
      "win_rate": 0.3333333333333333,
      "num_trades": 18,
      "profit_factor": 0.6410301158796115,
      "avg_trade_duration": 8.0,
      "episode_reward": -25.07935861476642,
      "episode_length": 168,
      "reward_stats": {
        "total_reward_mean": -0.05749282001826227,